분류,세분류,2024,2024,2024,2024,2024,2024,2024,2024,2024,2024,2023,2023,2023,2023,2023,2023,2023,2023,2023,2023,2019,2019,2019,2019,2019,2019,2019,2019,2019,2019,2018,2018,2018,2018,2018,2018,2018,2018,2018,2018,2017,2017,2017,2017,2017,2017,2017,2017,2017,2017,2016,2016,2016,2016,2016,2016,2016,2016,2016,2016,2015,2015,2015,2015,2015,2015,2015,2015,2015,2015,2014,2014,2014,2014,2014,2014,2014,2014,2014,2014,
분류,세분류,사례수,친구,배우자/파트너,자녀,그외 가족/친지,직장동료,부모님,"가족, 친지","친구, 연인",기타,사례수,친구,배우자/파트너,자녀,그외 가족/친지,직장동료,부모님,"가족, 친지","친구, 연인",기타,사례수,친구,배우자/파트너,자녀,그외 가족/친지,직장동료,부모님,"가족, 친지","친구, 연인",기타,사례수,친구,배우자/파트너,자녀,그외 가족/친지,직장동료,부모님,"가족, 친지","친구, 연인",기타,사례수,친구,배우자/파트너,자녀,그외 가족/친지,직장동료,부모님,"가족, 친지","친구, 연인",기타,사례수,친구,배우자/파트너,자녀,그외 가족/친지,직장동료,부모님,"가족, 친지","친구, 연인",기타,사례수,친구,배우자/파트너,자녀,그외 가족/친지,직장동료,부모님,"가족, 친지","친구, 연인",기타,사례수,친구,배우자/파트너,자녀,그외 가족/친지,직장동료,부모님,"가족, 친지","친구, 연인",기타,
전체, ,,43,27.4,14,13,12.4,9.3,,,0.8,,39.7,26.2,14,13.9,14.1,9.9,,,1.2,,,,,,14.2,,47.1,39.7,0.7,,,,,,13,,48.6,39.9,0.4,9144,,,,,13.3,,44.3,44.3,0.4,9065,,,,,12.1,,45.2,45.1,0.2,9146,,,,,15.5,,47.1,39.8,0.1,9077,,,,,14.3,,45.5,44.1,0.1,
월별,1월,,42.5,27.9,16.2,14.6,12.2,8.7,,,0.8,,29,29.9,17.5,22.4,8.9,18.1,,,0.8,,,,,,13.6,,47.7,38.3,0.4,,,,,,17.3,,38.7,46.6,0.5,918,,,,,11.5,,43.9,47.1,0.4,564,,,,,11.6,,40.3,51.3,0,677,,,,,18.3,,45.1,40.1,0,497,,,,,13.3,,39.3,51.6,0,
월별,2월,,38.1,30.1,18.4,12,10.6,10,,,0.9,,41.7,19.4,10.1,14.2,14.2,12.2,,,0.9,,,,,,12.8,,43.7,41.5,2.1,,,,,,11,,50.5,41,0.5,950,,,,,10.3,,40,50.7,0,597,,,,,11.9,,44.2,45.8,0.3,835,,,,,7.7,,64.5,31,0.1,553,,,,,17,,38.7,48.9,0.2,
월별,3월,,44.9,25.8,10.6,10.3,13.9,6.7,,,1,,36.2,23.2,12.5,14.8,17.2,10.7,,,1.6,,,,,,12.3,,41.9,47.7,0.5,,,,,,11,,46.4,44.4,0.4,908,,,,,10.6,,47.1,45.8,0,751,,,,,12.8,,44.1,45.5,0,927,,,,,15.8,,45.8,40.9,0,712,,,,,15.2,,40.3,49.4,0.2,
월별,4월,,43.9,31.1,10.9,11.5,10.9,7.4,,,0.6,,35,25,11.3,17.1,15.9,11.4,,,1.4,,,,,,14.2,,46.8,39.8,0.6,,,,,,18.5,,42.1,40.4,0.1,738,,,,,15.1,,47.8,41,0.4,802,,,,,11.1,,40.4,52.8,0.2,1038,,,,,14.5,,46.5,40.5,0.1,820,,,,,12.8,,43.1,47.8,0.3,
월별,5월,,46.5,25.6,10.3,12.5,13.3,8.4,,,0.8,,39.4,26.5,11.2,12.6,15.2,8.7,,,1.2,,,,,,17.1,,43.7,41.4,0.1,,,,,,10.4,,49.5,41.6,0.4,660,,,,,12.8,,43.3,44.4,0.9,792,,,,,19.5,,43.7,38.4,0.3,1048,,,,,17.9,,39.3,44.9,0,779,,,,,18.2,,41.5,43.4,0,
월별,6월,,44.2,26.9,15.2,14.9,11.6,9.6,,,0.9,,36.9,23.6,13.7,15.9,17,10.2,,,1.8,,,,,,17.7,,46.6,35.9,0.9,,,,,,11.2,,49.5,41.3,0.1,647,,,,,12.9,,45.4,43.7,0.5,782,,,,,14.3,,45,41.8,0,403,,,,,13.7,,39,50.1,0,787,,,,,12.9,,42.5,46.9,0.3,
월별,7월,,39.6,24.5,19.7,14.4,11.4,10.6,,,1.1,,41.1,23.1,24.1,12.4,10.5,10,,,0.6,,,,,,13.9,,52,34.5,1.4,,,,,,9.9,,53.4,37.8,0.7,634,,,,,11.2,,50.1,39.7,0,920,,,,,8,,51.4,42.6,0.4,311,,,,,16,,41.7,43.6,0,855,,,,,8.7,,56.5,39.6,0,
월별,8월,,40.4,26.2,22.9,14.1,10.5,13.2,,,0.5,,35.2,28.6,22.9,15.1,10.4,12,,,1.6,,,,,,12,,53.5,35.3,0.8,,,,,,10.9,,55,35.2,0.6,728,,,,,16,,44.2,41.5,0.4,897,,,,,10,,44.1,50.1,0,663,,,,,13.9,,53.5,34.8,0,953,,,,,7.5,,61.8,34.6,0.2,
월별,9월,,39.3,27.7,12.3,11.4,15.7,9.4,,,1,,43.4,27.3,11.6,11.1,17.1,6.1,,,1.1,,,,,,15.2,,46.7,40.6,0.4,,,,,,16.6,,46.2,38.5,0.5,651,,,,,17.6,,39.6,43.8,0.3,781,,,,,12,,49.8,39.8,0.9,805,,,,,19.3,,46.7,36.3,0.4,803,,,,,19.3,,40,41.9,0.4,
월별,10월,,44.7,28.9,9.9,13.1,11.7,10.1,,,1.1,,40.6,27,8.6,13.8,16.8,8.8,,,1.4,,,,,,14,,48.8,39.3,0.3,,,,,,14.6,,48.5,37.6,0.9,810,,,,,19,,40.5,42.7,0.8,830,,,,,11.8,,44.6,45.3,0.1,931,,,,,20.8,,48,33.2,0.2,881,,,,,21.9,,41.5,43.6,0,
월별,11월,,45.2,28,11,13.8,14,7.1,,,0.6,,43.1,29.2,11.4,11.4,12.5,9.1,,,0.9,,,,,,15.5,,46.8,39,0.4,,,,,,13.1,,48.9,38.7,0.5,720,,,,,16.1,,40.3,44.7,0.5,678,,,,,11.8,,48.8,41.4,0,757,,,,,14.7,,44,45.2,0,714,,,,,16.2,,44.9,43,0,
월별,12월,,45.6,26.5,12.1,13.6,13,9.6,,,0.5,,46.8,28.2,13.3,12.2,11.4,8.1,,,0.2,,,,,,12.1,,46.7,41.5,0.5,,,,,,12.5,,51.3,37.4,0.3,778,,,,,8.9,,50.5,43,0.5,671,,,,,10.5,,44,48.2,0,750,,,,,11.8,,46.2,44.1,0,723,,,,,10.1,,47.9,46.1,0,
분기별,1분기,,42.2,27.7,14.5,11.9,12.4,8.2,,,0.9,,36,23.8,13,16.4,14.4,12.9,,,1.2,,,,,,,,,,,,,,,,,,,,,,,,,,,,,,,,,,,,,,,,,,,,,,,,,,,,,,,,,,,,,
분기별,2분기,,44.8,27.9,12.2,13,11.9,8.5,,,0.8,,37.1,25,12.1,15.3,16.1,10.1,,,1.5,,,,,,,,,,,,,,,,,,,,,,,,,,,,,,,,,,,,,,,,,,,,,,,,,,,,,,,,,,,,,
분기별,3분기,,39.8,26.2,18.3,13.3,12.5,11.1,,,0.9,,39.9,26.4,19.4,12.9,12.7,9.4,,,1.1,,,,,,,,,,,,,,,,,,,,,,,,,,,,,,,,,,,,,,,,,,,,,,,,,,,,,,,,,,,,,
분기별,4분기,,45.1,28,10.9,13.5,12.8,9,,,0.8,,43.2,28.1,10.9,12.5,13.8,8.7,,,0.9,,,,,,,,,,,,,,,,,,,,,,,,,,,,,,,,,,,,,,,,,,,,,,,,,,,,,,,,,,,,,
국가,일본,,65.1,13.2,7.1,8.6,6.1,8,,,0.5,,55.9,16.5,9.4,11.5,7.3,9.5,,,1.1,,,,,,13.3,,39.1,48.1,0.2,,,,,,11.8,,44.7,44,0.3,1878,,,,,13.5,,37.3,50.2,0.7,1208,,,,,13.5,,52.5,35,0,1284,,,,,17.3,,33.6,50.3,0,1477,,,,,16.7,,35.4,50.1,0.3,
국가,중국,,45.7,25.5,18.5,7.1,11,5.9,,,0.7,,47.2,25.5,19.5,5.2,11.1,3.6,,,0.8,,,,,,14.8,,40,46,1.3,,,,,,11.6,,42.7,47.8,0.2,2870,,,,,11,,36.7,53.4,0.2,4965,,,,,10.1,,48.9,43.5,0.3,4890,,,,,13.6,,47.1,41.8,0.1,4870,,,,,11.1,,45.7,47.6,0,
국가,홍콩,,37.1,37.6,17.2,13.8,3.7,12.7,,,0.7,,34.3,31.4,16.6,16.3,8.2,15.3,,,1.5,,,,,,5.2,,64.9,30.6,0.4,,,,,,5.9,,60.2,35.3,0.1,598,,,,,4.9,,55.8,42.1,0.2,434,,,,,3.2,,45.7,54.5,0,481,,,,,5.8,,58.9,39.2,0.4,461,,,,,9.4,,55.1,38.8,0.6,
국가,싱가포르,,22.7,47.7,22.7,25.3,6.3,16.9,,,0.8,,25.9,36.2,23.6,23.7,5.3,18.6,,,1,,,,,,7.8,,74.6,17.7,0.5,,,,,,5.4,,63.6,33.8,0.7,179,,,,,7,,64.6,33.5,0,131,,,,,9.5,,25.7,67.4,0.2,113,,,,,9.4,,57,36.3,0,134,,,,,10.2,,66.1,28,0,
국가,대만,,40.2,31.7,18.2,22.7,16.9,14.9,,,0.1,,40.6,28.9,19.6,19,13.7,13.5,,,1.3,,,,,,11.9,,59.3,31.1,0.2,,,,,,10.1,,56.2,37.4,0.6,886,,,,,11.9,,54.7,35.6,0.4,583,,,,,10,,37.4,55.1,0,484,,,,,12.6,,50,40.7,0.2,553,,,,,14.3,,46.4,46.6,0.3,
국가,태국,,53.7,19.7,12,9.8,15.9,4,,,0.2,,41.7,22.3,10.6,18.2,17.1,7.4,,,0.6,,,,,,16,,48.7,36.9,0.2,,,,,,12.1,,49.5,38.9,0.8,410,,,,,11,,42.4,49.6,0.5,293,,,,,16.4,,43.6,43.4,0,290,,,,,16.4,,47.4,39.5,0,351,,,,,12.8,,52,41.1,0.1,
국가,말레이시아,,30.5,30.1,13.3,27.6,14.8,16.9,,,1.4,,21.6,29.6,16.1,26,17,15.9,,,3.4,,,,,,8.7,,62.8,30.2,0.7,,,,,,7.5,,62.7,31.7,0.4,278,,,,,6.2,,61.5,38.5,0,206,,,,,4.3,,42.6,58.7,0,202,,,,,7.3,,61.2,36.3,0,186,,,,,10.9,,64.7,33.4,0,
국가,호주,,25.6,49.7,12.1,13.9,8.7,7.4,,,0,,34.3,44.8,11.2,14.3,7.2,8.2,,,0.5,,,,,,12,,56.2,33.3,0,,,,,,10,,54.9,36,0.9,92,,,,,12.4,,41.9,48.5,0,61,,,,,17.7,,30.9,53.6,0,66,,,,,17.2,,57.9,26.7,0,59,,,,,19.9,,52.7,28.2,0.5,
국가,미국,,24.8,42.1,12.2,15.4,13.3,7.2,,,1.1,,27.7,36.7,15.1,17.1,16.3,8.8,,,1.1,,,,,,20.2,,56.1,24.7,0.3,,,,,,21,,51.2,28.6,0.6,427,,,,,21.2,,49.9,30.7,0.5,299,,,,,20.8,,27.1,53.3,0.2,328,,,,,18.8,,56.1,26.5,0.3,254,,,,,33.7,,48.7,19.1,0,
국가,캐나다,,25.5,42.2,13.8,19,7.8,8.2,,,0.9,,21,47.8,15.4,14.7,8.6,6.2,,,1,,,,,,9.7,,60.3,31.1,0.7,,,,,,9.1,,61.2,32.3,0,99,,,,,13.4,,55.5,33.2,0.7,72,,,,,16.5,,24.5,60.2,0,76,,,,,13.6,,62.5,25.7,0,55,,,,,24,,46.9,31.7,0,
국가,영국,,25.1,40.9,10.2,9.5,19.1,8.4,,,0.4,,31.5,36.1,8,13.1,20,6.9,,,2.1,,,,,,28.6,,40.7,32.3,0,,,,,,23.2,,46,30.8,0,57,,,,,33.6,,40.5,29.7,0,39,,,,,36,,29.5,36.5,0,51,,,,,39.6,,32.1,29.6,0,37,,,,,49,,28,23.7,0,
국가,독일,,33.1,31.8,7.3,13.8,19.4,3.3,,,1,,28.1,26.7,9.9,9,30.2,5.8,,,1.6,,,,,,32.5,,32.8,34.2,1.3,,,,,,39,,32.4,28.8,0.8,44,,,,,50.1,,30.4,21.3,1.9,33,,,,,42.3,,25.2,34,0,38,,,,,50.5,,33.4,16.8,0,30,,,,,45.1,,36.9,19.8,0,
국가,프랑스,,42.2,33.9,14,12.4,8.6,8.6,,,0.7,,36.6,33.4,11.3,9.7,15.1,11,,,0.5,,,,,,16.1,,52.1,33.8,0,,,,,,19.4,,39.1,40.5,1,48,,,,,28.9,,39.8,32.4,0,29,,,,,36.5,,33.6,31.4,0,36,,,,,25.6,,37.5,37.8,0,28,,,,,41.2,,28.6,30.1,0,
국가,러시아,,28.8,35.1,14.1,9.5,18.5,8.1,,,2.2,,27.8,35,3.5,12.6,23.9,8.5,,,1.4,,,,,,16.9,,55.9,27.8,0.2,,,,,,19.4,,45.9,34.3,1,139,,,,,23,,45.9,32.6,0.7,83,,,,,15,,31.9,53.5,0,86,,,,,11,,62.8,26.4,0.4,105,,,,,16.3,,63.5,23,0,
국가,중동,,19.7,27.5,12.6,16,25,15.6,,,3,,17.3,26.6,15.6,18.4,25.5,15.2,,,1.4,,,,,,24,,58.6,18.4,0,,,,,,24.2,,55.3,20.6,0.7,108,,,,,16.9,,64.9,19.8,1.5,69,,,,,22.8,,18.8,59.3,0,84,,,,,31.5,,48.2,22.5,0,52,,,,,16,,51.4,35.4,0,
국가,중앙아시아,,17.3,26.1,11.7,16.3,26.2,15.8,,,3.9,,,,,,,,,,,,,,,,22.9,,56.8,20.6,0,,,,,,,,,,,,,,,,,,,,,,,,,,,,,,,,,,,,,,,,,,,,,,,,,,,
국가,GCC,,14.7,37,23.4,29.6,20.1,16.4,,,0,,,,,,,,,,,,,,,,7.6,,77.8,19.4,0,,,,,,,,,,,,,,,,,,,,,,,,,,,,,,,,,,,,,,,,,,,,,,,,,,,
국가,기타중동,,28.9,23.7,6.4,5,26,14.6,,,3.1,,,,,,,,,,,,,,,,39.7,,48.1,12.3,0,,,,,,,,,,,,,,,,,,,,,,,,,,,,,,,,,,,,,,,,,,,,,,,,,,,
국가,인도,,16.2,19.3,11.3,6.1,59.3,6.7,,,1.2,,21.3,17.1,10.6,3.5,55.6,6.5,,,2.3,,,,,,58.6,,20.8,19.5,1.5,,,,,,67.5,,17.8,14.8,0.3,34,,,,,62.9,,19.6,19.1,0.8,23,,,,,60.4,,9.4,32,0,26,,,,,61,,30.5,8.5,0,26,,,,,55.8,,30.2,11,3.7,
국가,필리핀,,27.1,36.9,15.8,29.4,16.5,11.6,,,1.7,,28.3,31.4,15.6,24.8,16.5,16.2,,,1.5,,,,,,10.5,,60.7,30.2,0.3,,,,,,10.2,,60.6,30.1,1.2,236,,,,,11.3,,58.4,35.5,0.3,,,,,,,,,,,,,,,,,,,,,,,,,,,,,,,
국가,인도네시아,,30.4,25.6,20.6,20.9,19.1,10.5,,,2.5,,22.5,17.1,10.5,18.1,38.4,10.1,,,0.7,,,,,,21.7,,52.8,26.8,0.1,,,,,,29.5,,42.2,29,1.1,163,,,,,25.1,,54.2,25.3,0.5,,,,,,,,,,,,,,,,,,,,,,,,,,,,,,,
국가,베트남,,22.6,20.9,10.7,13.7,41.4,12,,,2.7,,29.6,16.3,9.3,11.6,37.1,7.3,,,0.7,,,,,,15.8,,53.3,31.3,0.3,,,,,,16.1,,64.7,20.4,0.3,223,,,,,18.2,,56.5,28.9,0.7,,,,,,,,,,,,,,,,,,,,,,,,,,,,,,,
국가,몽골,,20.5,29,13.9,14.1,23.2,12.8,,,1.1,,21.5,33.9,7.2,19.8,6.6,20,,,0.5,,,,,,10.7,,75.9,13,0.5,,,,,,4.2,,76.7,18.5,0.6,,,,,,,,,,,,,,,,,,,,,,,,,,,,,,,,,,,,,,,,,
국가,기타,,27.6,40.7,11.3,12.1,13.1,10.2,,,2.1,,30.6,28,6.5,10.2,22.2,9.6,,,1.6,,,,,,17.8,,47.3,35.4,1.5,,,,,,29.3,,34.6,34.6,1.9,376,,,,,24.5,,44.2,33.5,0,538,,,,,22.5,,33.6,47.1,0.3,612,,,,,30.2,,49.9,22.3,0,401,,,,,30.1,,43.2,29,0.8,
성별,남성,,28,40.9,13.4,11.3,21.8,7.8,,,1.2,,27,36.9,13.3,10.4,25.1,8.5,,,1.5,,,,,,23.5,,46.9,30.9,0.7,,,,,,22.1,,48.3,31,0.6,3726,,,,,22.6,,46,33.2,0.5,3367,,,,,18.2,,36.3,48.1,0.3,3671,,,,,23.3,,49.1,29.6,0,3522,,,,,20.7,,46.5,36.5,0.1,
성별,여성,,51.1,20.2,14.3,13.9,7.4,10,,,0.6,,47,20,14.5,15.9,7.8,10.7,,,0.9,,,,,,8.7,,47.3,44.8,0.6,,,,,,7.3,,48.8,45.4,0.3,5418,,,,,7,,43.1,51.9,0.3,5697,,,,,8.5,,50.4,43.3,0.1,5476,,,,,10.3,,45.7,46.7,0.1,5556,,,,,10.3,,44.9,49,0.1,
연령,15세~19세,,32.2,3.6,1,31.4,3,53.5,,,3.2,,38.6,3.4,3.6,28.9,2.4,48.8,,,4.3,,,,,,,,,,,,,,,,,,,,,,,,,,,,,,,,,,,,,,,,,,,,,,,,,,,,,,,,,,,,,
연령,20대,,63.8,12.5,0.8,11.9,6.5,11.7,,,0.7,,58.3,11.6,1,14.4,9.4,13.8,,,0.9,,,,,,,,,,,,,,,,,,,,,,,,,,,,,,,,,,,,,,,,,,,,,,,,,,,,,,,,,,,,,
연령,30대,,41.6,29.6,12.5,11.8,16.1,9.6,,,0.8,,37.9,29,11.3,11.8,17.7,10,,,1.4,,,,,,,,,,,,,,,,,,,,,,,,,,,,,,,,,,,,,,,,,,,,,,,,,,,,,,,,,,,,,
연령,40대,,31.5,35.6,25.2,12.9,18.6,6.6,,,0.8,,29.2,33.8,27.6,12.1,20.1,6.2,,,0.6,,,,,,,,,,,,,,,,,,,,,,,,,,,,,,,,,,,,,,,,,,,,,,,,,,,,,,,,,,,,,
연령,50대,,27.8,38.3,27,13,15.1,4.9,,,0.4,,27.1,35.2,24,13.9,15.8,4.7,,,0.9,,,,,,,,,,,,,,,,,,,,,,,,,,,,,,,,,,,,,,,,,,,,,,,,,,,,,,,,,,,,,
연령,60대 이상,,31.4,43.5,16.3,15.7,6,0.8,,,2.1,,29.4,42.3,20,17.1,7.6,2.1,,,2.2,,,,,,,,,,,,,,,,,,,,,,,,,,,,,,,,,,,,,,,,,,,,,,,,,,,,,,,,,,,,,
연령,15~20세,,,,,,,,,,,,,,,,,,,,,,,,,,3.5,,54,43.7,0.3,,,,,,2.2,,59.1,41.9,1,634,,,,,2.7,,52.6,48.1,1.6,561,,,,,3.6,,49,49.6,0.7,474,,,,,6.2,,58.7,38.9,0,576,,,,,4.7,,51.8,49,0.3,
연령,21~30세,,,,,,,,,,,,,,,,,,,,,,,,,,10.5,,34.3,56,0.5,,,,,,9.6,,35.3,55.9,0.3,3778,,,,,9.2,,35.4,57.2,0.1,4113,,,,,9.4,,55.7,37,0.2,3701,,,,,11.8,,38.9,50.8,0,3641,,,,,10.9,,37.6,55.2,0.1,
연령,31~40세,,,,,,,,,,,,,,,,,,,,,,,,,,18.7,,41.7,40.6,0.9,,,,,,16.9,,43.7,41.3,0.3,2271,,,,,17.5,,43.8,40.9,0.3,2526,,,,,13.6,,41.6,47.9,0.1,2481,,,,,18.4,,48.3,36.5,0.2,2503,,,,,17.5,,45.2,41.2,0.1,
연령,41~50세,,,,,,,,,,,,,,,,,,,,,,,,,,19,,54.9,27.1,0.7,,,,,,17.2,,55.5,28.4,0.7,1335,,,,,21,,53.4,27.9,0.5,1078,,,,,18.4,,28.8,55.6,0.4,1319,,,,,22.4,,51.3,29.3,0.1,1246,,,,,20.4,,53.3,30.4,0.4,
연령,51~60세,,,,,,,,,,,,,,,,,,,,,,,,,,14.8,,62.4,23.8,0.6,,,,,,14,,64.5,23.2,0.5,813,,,,,16.4,,59.3,25.1,0.3,576,,,,,20,,23.4,58.4,0,788,,,,,18.4,,58.8,25.6,0.1,806,,,,,17.3,,59.1,27.9,0.2,
연령,61세 이상,,,,,,,,,,,,,,,,,,,,,,,,,,9.9,,71.9,20.7,0.5,,,,,,9.2,,70.5,21.7,0.9,301,,,,,14.5,,60.6,25.7,0.9,190,,,,,15.2,,15.2,70.3,0,364,,,,,13.7,,66.3,22.3,0,273,,,,,14.1,,64.3,24.9,0,
연령,모름/무응답,,,,,,,,,,,,,,,,,,,,,,,,,,,,,,,,,,,,,,,,,12,,,,,19.5,,74.1,0,6.3,20,,,,,11.9,,34.2,53.9,0,19,,,,,16,,49.6,34.3,0,32,,,,,14.2,,59.2,35.6,0,
방한목적,여가/위락/휴식,,48.1,28.2,15.2,13.9,5.9,10.1,,,0.6,,46,26.4,15.1,15.5,5.7,11.4,,,1,,,,,,5.8,,50.7,44.9,0.5,,,,,,4.8,,53.5,43.5,0.2,5789,,,,,4.5,,50.2,47.8,0.2,6325,,,,,7.3,,47.6,47.9,0.2,6314,,,,,9.3,,50.9,42.5,0.1,6359,,,,,8.6,,50.1,46,0.1,
방한목적,친구/친지방문,,29.7,42.2,16.3,15.3,1.6,9.7,,,0.4,,27.1,45.4,18.1,18,1.5,9.5,,,0.1,,,,,,1.7,,70.6,28.3,0,,,,,,,,,,,595,,,,,1.1,,70.2,31.1,0,423,,,,,1.9,,29.3,69.5,0,516,,,,,1.8,,69.9,29.5,0,380,,,,,2.6,,67.3,32.8,0,
방한목적,사업/전문 활동,,8.8,6.8,1.7,2.8,81.5,1.4,,,1,,8,9.3,2.8,2,80.3,0.9,,,1.1,,,,,,77,,11.4,10.7,1.5,,,,,,77.2,,13,9.9,1,1077,,,,,79.8,,11.3,9.5,0.6,703,,,,,75.6,,10.2,15.3,0.6,918,,,,,75.3,,15.5,10.8,0,878,,,,,68.2,,18.8,13.8,0.4,
방한목적,교육,,47.9,12.3,2.3,5.4,31,4.7,,,6.9,,56.5,5.4,7.3,3.5,25.9,5.7,,,10.2,,,,,,33.1,,15.8,46.9,7.5,,,,,,32.6,,20.2,42.8,6,233,,,,,17.6,,15.6,65.9,4.1,168,,,,,9.1,,76,18.6,0,165,,,,,20.3,,18.8,62.2,0.7,188,,,,,26.9,,11.2,63.9,0.1,
방한목적,기타,,23.2,34.1,14.5,13.7,18.5,9,,,9.9,,22.5,31.6,25.3,6.6,18,9.8,,,4.9,,,,,,2.6,,72,22.9,4,,,,,,39.2,,41.5,4.9,14.4,30,,,,,16.5,,31.9,45,6.7,8,,,,,4,,38.4,61,0,3,,,,,0,,63.7,36.3,0,3,,,,,7.3,,84.6,8.1,0,
방한목적,"종교, 순례",,,,,,,,,,,,,,,,,,,,,,,,,,19,,38.9,42.4,2.4,,,,,,16.1,,34.6,39.7,15.1,42,,,,,9.5,,37.6,41.4,12.3,41,,,,,13.8,,43.2,53.6,0.5,66,,,,,11.9,,54.8,34.8,0,87,,,,,17.9,,35.1,49.3,0.5,
방한목적,뷰티/건강/치료,,,,,,,,,,,,,,,,,,,,,,,,,,,,,,,,,,,,,,,,,123,,,,,1.3,,56.9,42.4,0,58,,,,,4.5,,50.7,49.5,0,87,,,,,5.2,,52.4,43.2,0,98,,,,,8.1,,50.1,44.4,0,
방한목적,쇼핑,,,,,,,,,,,,,,,,,,,,,,,,,,,,,,,,,,,,,,,,,1253,,,,,3.2,,37.8,60.7,0,1339,,,,,5.2,,53.5,42.8,0,1077,,,,,7.6,,44.1,50.8,0.1,1084,,,,,6.3,,39.2,58.2,0,
방한횟수,1회,,42,30.1,15,14.6,12.5,9.7,,,1.1,,38.7,27.1,13.8,15,15.3,9.4,,,1.3,,,,,,12.8,,48.7,39,0.9,,,,,,11.8,,51.7,38,0.5,4770,,,,,11.7,,47.1,43.1,0.4,6051,,,,,11.6,,45.1,45.9,0.2,5555,,,,,14.5,,49.8,38.4,0.1,6513,,,,,12.8,,48.4,43.3,0.2,
방한횟수,2회,,41.4,27.2,14.2,12.2,12.5,9.7,,,0.7,,39.4,26.8,16.9,13.6,11.5,10.9,,,1.3,,,,,,12.4,,51,38,0.6,,,,,,12.7,,48.4,40.6,0.4,1613,,,,,12.6,,42.1,46.7,0.4,1152,,,,,9.6,,45.6,48.4,0.4,1486,,,,,14.4,,46.9,41.4,0,1139,,,,,16.1,,40.2,47.5,0,
방한횟수,3회,,46.6,23.5,13.8,10.7,12.3,8.3,,,0.7,,40.6,26.2,13.7,14.5,11.6,11.2,,,1.4,,,,,,13.8,,43.8,43.4,0.7,,,,,,13.8,,45.2,42.2,0.2,816,,,,,13.2,,43.2,46.4,0.3,550,,,,,12.3,,48.5,40.3,0.1,655,,,,,15.2,,42,44.6,0,534,,,,,18.1,,35.9,48.2,0.1,
방한횟수,4회 이상,,45.3,22.5,11,10.6,12.2,8.3,,,0.4,,41.6,23.6,12.1,11.2,14.9,9.2,,,0.7,,,,,,18.3,,42.6,40.6,0.4,,,,,,15.4,,44,42.1,0.5,1944,,,,,17.9,,39.7,44.4,0.3,1311,,,,,16.5,,44.1,40.8,0.2,1450,,,,,20.7,,39.2,41.7,0.1,891,,,,,20.5,,36.9,43.4,0.2,
여행형태,개별여행,,42.8,28.2,14.2,11.4,10.5,8,,,0.4,,40.1,27.2,13.8,12.9,12.3,9.3,,,0.5,,,,,,14,,45.1,41.9,0.3,,,,,,13.2,,45,42.9,0.2,6920,,,,,14.2,,42,45.6,0.2,5438,,,,,12,,48.5,41.8,0,5316,,,,,16.7,,42.3,43.1,0.1,5513,,,,,14.6,,39.4,48.7,0.1,
여행형태,단체여행,,29.9,33.1,15.8,22.3,27.7,14.6,,,3.1,,27.2,28.6,16.2,19.7,29.8,11.3,,,5.3,,,,,,19.3,,55.3,26.1,2.2,,,,,,17.2,,61.5,24.3,1.5,1524,,,,,13.6,,55.2,33.6,1.3,2793,,,,,14.6,,36.4,51.9,0.5,3156,,,,,16.1,,55.9,31.3,0.1,2877,,,,,15.6,,57.6,33.3,0.2,
여행형태,에어텔,,64.8,12.4,9.2,10,2.3,10.3,,,0.1,,55.1,13.6,12.7,13.2,5.5,12.5,,,0.1,,,,,,5.2,,45.1,50.8,0.2,,,,,,4.6,,52.4,43.8,0.1,699,,,,,4,,43.2,54.3,0,834,,,,,4,,53.3,43.9,0,674,,,,,3.4,,44.1,54.2,0,687,,,,,7,,43.9,53.3,0.2,
직업,"공무원, 군인",,,,,,,,,,,,,,,,,,,,,,,,,,,,,,,,,,,,,,,,,438,,,,,18.4,,55.3,29.6,0.2,410,,,,,10.9,,37.2,55,0.5,520,,,,,16.8,,55.4,32.3,0,494,,,,,13.7,,55.4,37.1,0.4,
직업,"기업인, 경영직",,,,,,,,,,,,,,,,,,,,,,,,,,,,,,,,,,,,,,,,,826,,,,,28.9,,41.8,32.3,0,699,,,,,25.8,,29.1,46.7,0.1,742,,,,,29.6,,44.5,28.3,0.1,704,,,,,29.6,,45.3,27.6,0.4,
직업,"사무,기술직",,,,,,,,,,,,,,,,,,,,,,,,,,,,,,,,,,,,,,,,,1808,,,,,17.7,,37.6,45.9,0.4,1907,,,,,14.4,,47.7,40.3,0.2,2075,,,,,16.9,,42.2,43,0.1,2052,,,,,17.6,,37.2,47.9,0,
직업,"판매, 서비스직",,,,,,,,,,,,,,,,,,,,,,,,,,,,,,,,,,,,,,,,,1117,,,,,14.3,,38.1,49.7,0.5,1122,,,,,16.6,,50.4,35.9,0.4,1153,,,,,19.9,,37.3,45,0,1213,,,,,15.5,,41,46.4,0.1,
직업,전문직,,,,,,,,,,,,,,,,,,,,,,,,,,,,,,,,,,,,,,,,,795,,,,,17.3,,47.4,38.1,0.1,807,,,,,15.7,,37.9,47.8,0,719,,,,,18.5,,51.4,32.8,0.1,806,,,,,21.4,,47.3,36.5,0.3,
직업,생산/기능/노무,,,,,,,,,,,,,,,,,,,,,,,,,,,,,,,,,,,,,,,,,340,,,,,23.1,,45.5,32.1,0,313,,,,,19.3,,37.5,47.2,0,353,,,,,29.5,,38.5,32.9,0,399,,,,,27,,43.2,33.9,0,
직업,자영업자,,,,,,,,,,,,,,,,,,,,,,,,,,,,,,,,,,,,,,,,,1134,,,,,7.9,,54,40.1,0.4,927,,,,,7.8,,43.3,51.6,0,1025,,,,,9.8,,53.6,38.9,0,701,,,,,5.7,,55.6,44.3,0,
직업,학생,,,,,,,,,,,,,,,,,,,,,,,,,,,,,,,,,,,,,,,,,1391,,,,,2.4,,41,58.5,0.8,1411,,,,,4,,57.7,41,0.3,1056,,,,,4.9,,47.6,50,0.1,1475,,,,,3.9,,44.4,56.6,0.1,
직업,주부,,,,,,,,,,,,,,,,,,,,,,,,,,,,,,,,,,,,,,,,,504,,,,,2.9,,56.6,42.6,0,477,,,,,2.6,,40.1,59.9,0,459,,,,,3.4,,56.6,41.9,0.6,395,,,,,2,,65.9,37.7,0,
직업,은퇴자,,,,,,,,,,,,,,,,,,,,,,,,,,,,,,,,,,,,,,,,,110,,,,,4.1,,77.7,20.3,0,109,,,,,4.2,,20.7,78.9,0,244,,,,,10.7,,71.6,21,0,172,,,,,3.9,,76.1,29.3,0,
직업,무직,,,,,,,,,,,,,,,,,,,,,,,,,,,,,,,,,,,,,,,,,163,,,,,2.5,,48.1,51,0,156,,,,,2,,50.9,47,0,180,,,,,2,,61.2,43.8,0,145,,,,,5.7,,52.6,41.9,0,
직업,기타,,,,,,,,,,,,,,,,,,,,,,,,,,,,,,,,,,,,,,,,,492,,,,,11.6,,37.2,51.9,0.9,721,,,,,10.1,,46.2,45.7,0.3,569,,,,,16.4,,43.2,42.3,0.1,506,,,,,14.3,,41.8,47.2,0.3,
직업,무응답,,,,,,,,,,,,,,,,,,,,,,,,,,,,,,,,,,,,,,,,,26,,,,,6,,54.3,46.2,0,5,,,,,2.9,,26,71,0,50,,,,,3.9,,68,28.1,0,16,,,,,11.4,,22.8,69,0,
