연도,지역수준,광역시도,시군구,지역코드,통합시군구여부,대상,업종,소비지출액_천원,전체업종_소비지출액_천원,자료화면
2025,전국,,,98,,외국인,숙박업,3698101946,17408939257,외래객 지역별 방한현황 > 관광소비 > 외국인 업종별 신용카드 관광소비 추이
2025,광역시도,서울특별시,,11,,외국인,숙박업,1217165055,9592103307,외래객 지역별 방한현황 > 관광소비 > 외국인 업종별 신용카드 관광소비 추이
2025,시군구,서울특별시,강남구,11680,N,외국인,숙박업,200883173,2646330299,외래객 지역별 방한현황 > 관광소비 > 외국인 업종별 신용카드 관광소비 추이
2025,시군구,서울특별시,강동구,11740,N,외국인,숙박업,747412,25800866,외래객 지역별 방한현황 > 관광소비 > 외국인 업종별 신용카드 관광소비 추이
2025,시군구,서울특별시,강북구,11305,N,외국인,숙박업,442781,7795341,외래객 지역별 방한현황 > 관광소비 > 외국인 업종별 신용카드 관광소비 추이
2025,시군구,서울특별시,강서구,11500,N,외국인,숙박업,25663403,132094550,외래객 지역별 방한현황 > 관광소비 > 외국인 업종별 신용카드 관광소비 추이
2025,시군구,서울특별시,관악구,11620,N,외국인,숙박업,244503,19204326,외래객 지역별 방한현황 > 관광소비 > 외국인 업종별 신용카드 관광소비 추이
2025,시군구,서울특별시,광진구,11215,N,외국인,숙박업,6031660,177083703,외래객 지역별 방한현황 > 관광소비 > 외국인 업종별 신용카드 관광소비 추이
2025,시군구,서울특별시,구로구,11530,N,외국인,숙박업,9858152,30654022,외래객 지역별 방한현황 > 관광소비 > 외국인 업종별 신용카드 관광소비 추이
2025,시군구,서울특별시,금천구,11545,N,외국인,숙박업,2089095,42174890,외래객 지역별 방한현황 > 관광소비 > 외국인 업종별 신용카드 관광소비 추이
2025,시군구,서울특별시,노원구,11350,N,외국인,숙박업,56661,9892797,외래객 지역별 방한현황 > 관광소비 > 외국인 업종별 신용카드 관광소비 추이
2025,시군구,서울특별시,도봉구,11320,N,외국인,숙박업,11858,3488050,외래객 지역별 방한현황 > 관광소비 > 외국인 업종별 신용카드 관광소비 추이
2025,시군구,서울특별시,동대문구,11230,N,외국인,숙박업,569397,45442367,외래객 지역별 방한현황 > 관광소비 > 외국인 업종별 신용카드 관광소비 추이
2025,시군구,서울특별시,동작구,11590,N,외국인,숙박업,426497,20272170,외래객 지역별 방한현황 > 관광소비 > 외국인 업종별 신용카드 관광소비 추이
2025,시군구,서울특별시,마포구,11440,N,외국인,숙박업,53377996,771133754,외래객 지역별 방한현황 > 관광소비 > 외국인 업종별 신용카드 관광소비 추이
2025,시군구,서울특별시,서대문구,11410,N,외국인,숙박업,1984909,123903200,외래객 지역별 방한현황 > 관광소비 > 외국인 업종별 신용카드 관광소비 추이
2025,시군구,서울특별시,서초구,11650,N,외국인,숙박업,55668544,676637613,외래객 지역별 방한현황 > 관광소비 > 외국인 업종별 신용카드 관광소비 추이
2025,시군구,서울특별시,성동구,11200,N,외국인,숙박업,187596,394126225,외래객 지역별 방한현황 > 관광소비 > 외국인 업종별 신용카드 관광소비 추이
2025,시군구,서울특별시,성북구,11290,N,외국인,숙박업,530400,25918565,외래객 지역별 방한현황 > 관광소비 > 외국인 업종별 신용카드 관광소비 추이
2025,시군구,서울특별시,송파구,11710,N,외국인,숙박업,36394638,455369376,외래객 지역별 방한현황 > 관광소비 > 외국인 업종별 신용카드 관광소비 추이
2025,시군구,서울특별시,양천구,11470,N,외국인,숙박업,15964,12069657,외래객 지역별 방한현황 > 관광소비 > 외국인 업종별 신용카드 관광소비 추이
2025,시군구,서울특별시,영등포구,11560,N,외국인,숙박업,43190133,312613176,외래객 지역별 방한현황 > 관광소비 > 외국인 업종별 신용카드 관광소비 추이
2025,시군구,서울특별시,용산구,11170,N,외국인,숙박업,59359213,370286005,외래객 지역별 방한현황 > 관광소비 > 외국인 업종별 신용카드 관광소비 추이
2025,시군구,서울특별시,은평구,11380,N,외국인,숙박업,170178,27781300,외래객 지역별 방한현황 > 관광소비 > 외국인 업종별 신용카드 관광소비 추이
2025,시군구,서울특별시,종로구,11110,N,외국인,숙박업,99938319,506900465,외래객 지역별 방한현황 > 관광소비 > 외국인 업종별 신용카드 관광소비 추이
2025,시군구,서울특별시,중구,11140,N,외국인,숙박업,618464008,2749626758,외래객 지역별 방한현황 > 관광소비 > 외국인 업종별 신용카드 관광소비 추이
2025,시군구,서울특별시,중랑구,11260,N,외국인,숙박업,858566,5503833,외래객 지역별 방한현황 > 관광소비 > 외국인 업종별 신용카드 관광소비 추이
2025,광역시도,부산광역시,,26,,외국인,숙박업,86772993,1053107754,외래객 지역별 방한현황 > 관광소비 > 외국인 업종별 신용카드 관광소비 추이
2025,시군구,부산광역시,강서구,26440,N,외국인,숙박업,2339928,29976652,외래객 지역별 방한현황 > 관광소비 > 외국인 업종별 신용카드 관광소비 추이
2025,시군구,부산광역시,금정구,26410,N,외국인,숙박업,2148962,8503497,외래객 지역별 방한현황 > 관광소비 > 외국인 업종별 신용카드 관광소비 추이
2025,시군구,부산광역시,기장군,26710,N,외국인,숙박업,873660,105750648,외래객 지역별 방한현황 > 관광소비 > 외국인 업종별 신용카드 관광소비 추이
2025,시군구,부산광역시,남구,26290,N,외국인,숙박업,1014154,21744647,외래객 지역별 방한현황 > 관광소비 > 외국인 업종별 신용카드 관광소비 추이
2025,시군구,부산광역시,동구,26170,N,외국인,숙박업,5837673,29974588,외래객 지역별 방한현황 > 관광소비 > 외국인 업종별 신용카드 관광소비 추이
2025,시군구,부산광역시,동래구,26260,N,외국인,숙박업,153822,4554371,외래객 지역별 방한현황 > 관광소비 > 외국인 업종별 신용카드 관광소비 추이
2025,시군구,부산광역시,부산진구,26230,N,외국인,숙박업,3164805,280503419,외래객 지역별 방한현황 > 관광소비 > 외국인 업종별 신용카드 관광소비 추이
2025,시군구,부산광역시,북구,26320,N,외국인,숙박업,179816,4299971,외래객 지역별 방한현황 > 관광소비 > 외국인 업종별 신용카드 관광소비 추이
2025,시군구,부산광역시,사상구,26530,N,외국인,숙박업,383213,49075918,외래객 지역별 방한현황 > 관광소비 > 외국인 업종별 신용카드 관광소비 추이
2025,시군구,부산광역시,사하구,26380,N,외국인,숙박업,209464,12506200,외래객 지역별 방한현황 > 관광소비 > 외국인 업종별 신용카드 관광소비 추이
2025,시군구,부산광역시,서구,26140,N,외국인,숙박업,5146010,16815472,외래객 지역별 방한현황 > 관광소비 > 외국인 업종별 신용카드 관광소비 추이
2025,시군구,부산광역시,수영구,26500,N,외국인,숙박업,1501864,27756749,외래객 지역별 방한현황 > 관광소비 > 외국인 업종별 신용카드 관광소비 추이
2025,시군구,부산광역시,연제구,26470,N,외국인,숙박업,483363,3316114,외래객 지역별 방한현황 > 관광소비 > 외국인 업종별 신용카드 관광소비 추이
2025,시군구,부산광역시,영도구,26200,N,외국인,숙박업,2723428,11561702,외래객 지역별 방한현황 > 관광소비 > 외국인 업종별 신용카드 관광소비 추이
2025,시군구,부산광역시,중구,26110,N,외국인,숙박업,2496143,107422236,외래객 지역별 방한현황 > 관광소비 > 외국인 업종별 신용카드 관광소비 추이
2025,시군구,부산광역시,해운대구,26350,N,외국인,숙박업,58116687,339345571,외래객 지역별 방한현황 > 관광소비 > 외국인 업종별 신용카드 관광소비 추이
2025,광역시도,대구광역시,,27,,외국인,숙박업,11174360,77962467,외래객 지역별 방한현황 > 관광소비 > 외국인 업종별 신용카드 관광소비 추이
2025,시군구,대구광역시,군위군,27720,N,외국인,숙박업,350,303986,외래객 지역별 방한현황 > 관광소비 > 외국인 업종별 신용카드 관광소비 추이
2025,시군구,대구광역시,남구,27200,N,외국인,숙박업,179272,5078978,외래객 지역별 방한현황 > 관광소비 > 외국인 업종별 신용카드 관광소비 추이
2025,시군구,대구광역시,달서구,27290,N,외국인,숙박업,1072705,9528085,외래객 지역별 방한현황 > 관광소비 > 외국인 업종별 신용카드 관광소비 추이
2025,시군구,대구광역시,달성군,27710,N,외국인,숙박업,1075267,2702166,외래객 지역별 방한현황 > 관광소비 > 외국인 업종별 신용카드 관광소비 추이
2025,시군구,대구광역시,동구,27140,N,외국인,숙박업,5141876,12659331,외래객 지역별 방한현황 > 관광소비 > 외국인 업종별 신용카드 관광소비 추이
2025,시군구,대구광역시,북구,27230,N,외국인,숙박업,525891,7721929,외래객 지역별 방한현황 > 관광소비 > 외국인 업종별 신용카드 관광소비 추이
2025,시군구,대구광역시,서구,27170,N,외국인,숙박업,30873,1088948,외래객 지역별 방한현황 > 관광소비 > 외국인 업종별 신용카드 관광소비 추이
2025,시군구,대구광역시,수성구,27260,N,외국인,숙박업,1825696,11178884,외래객 지역별 방한현황 > 관광소비 > 외국인 업종별 신용카드 관광소비 추이
2025,시군구,대구광역시,중구,27110,N,외국인,숙박업,1322431,27700159,외래객 지역별 방한현황 > 관광소비 > 외국인 업종별 신용카드 관광소비 추이
2025,광역시도,인천광역시,,28,,외국인,숙박업,488234833,1040887658,외래객 지역별 방한현황 > 관광소비 > 외국인 업종별 신용카드 관광소비 추이
2025,시군구,인천광역시,강화군,28710,N,외국인,숙박업,26692,1338100,외래객 지역별 방한현황 > 관광소비 > 외국인 업종별 신용카드 관광소비 추이
2025,시군구,인천광역시,계양구,28245,N,외국인,숙박업,72585,3584432,외래객 지역별 방한현황 > 관광소비 > 외국인 업종별 신용카드 관광소비 추이
2025,시군구,인천광역시,남동구,28200,N,외국인,숙박업,2576812,30819966,외래객 지역별 방한현황 > 관광소비 > 외국인 업종별 신용카드 관광소비 추이
2025,시군구,인천광역시,동구,28140,N,외국인,숙박업,177,647189,외래객 지역별 방한현황 > 관광소비 > 외국인 업종별 신용카드 관광소비 추이
2025,시군구,인천광역시,미추홀구,28177,N,외국인,숙박업,280863,19349970,외래객 지역별 방한현황 > 관광소비 > 외국인 업종별 신용카드 관광소비 추이
2025,시군구,인천광역시,부평구,28237,N,외국인,숙박업,1874039,12440932,외래객 지역별 방한현황 > 관광소비 > 외국인 업종별 신용카드 관광소비 추이
2025,시군구,인천광역시,서구,28260,N,외국인,숙박업,572795,17616544,외래객 지역별 방한현황 > 관광소비 > 외국인 업종별 신용카드 관광소비 추이
2025,시군구,인천광역시,연수구,28185,N,외국인,숙박업,27692480,77022508,외래객 지역별 방한현황 > 관광소비 > 외국인 업종별 신용카드 관광소비 추이
2025,시군구,인천광역시,옹진군,28720,N,외국인,숙박업,217798,419736,외래객 지역별 방한현황 > 관광소비 > 외국인 업종별 신용카드 관광소비 추이
2025,시군구,인천광역시,중구,28110,N,외국인,숙박업,454920592,877648281,외래객 지역별 방한현황 > 관광소비 > 외국인 업종별 신용카드 관광소비 추이
2025,광역시도,광주광역시,,29,,외국인,숙박업,3695519,31715456,외래객 지역별 방한현황 > 관광소비 > 외국인 업종별 신용카드 관광소비 추이
2025,시군구,광주광역시,광산구,29200,N,외국인,숙박업,417561,9189862,외래객 지역별 방한현황 > 관광소비 > 외국인 업종별 신용카드 관광소비 추이
2025,시군구,광주광역시,남구,29155,N,외국인,숙박업,9203,977759,외래객 지역별 방한현황 > 관광소비 > 외국인 업종별 신용카드 관광소비 추이
2025,시군구,광주광역시,동구,29110,N,외국인,숙박업,147152,5252716,외래객 지역별 방한현황 > 관광소비 > 외국인 업종별 신용카드 관광소비 추이
2025,시군구,광주광역시,북구,29170,N,외국인,숙박업,179904,2717247,외래객 지역별 방한현황 > 관광소비 > 외국인 업종별 신용카드 관광소비 추이
2025,시군구,광주광역시,서구,29140,N,외국인,숙박업,2941700,13577872,외래객 지역별 방한현황 > 관광소비 > 외국인 업종별 신용카드 관광소비 추이
2025,광역시도,대전광역시,,30,,외국인,숙박업,10768735,58606589,외래객 지역별 방한현황 > 관광소비 > 외국인 업종별 신용카드 관광소비 추이
2025,시군구,대전광역시,대덕구,30230,N,외국인,숙박업,112623,830981,외래객 지역별 방한현황 > 관광소비 > 외국인 업종별 신용카드 관광소비 추이
2025,시군구,대전광역시,동구,30110,N,외국인,숙박업,97584,21425165,외래객 지역별 방한현황 > 관광소비 > 외국인 업종별 신용카드 관광소비 추이
2025,시군구,대전광역시,서구,30170,N,외국인,숙박업,1574740,9567480,외래객 지역별 방한현황 > 관광소비 > 외국인 업종별 신용카드 관광소비 추이
2025,시군구,대전광역시,유성구,30200,N,외국인,숙박업,8956628,23341407,외래객 지역별 방한현황 > 관광소비 > 외국인 업종별 신용카드 관광소비 추이
2025,시군구,대전광역시,중구,30140,N,외국인,숙박업,27160,3441555,외래객 지역별 방한현황 > 관광소비 > 외국인 업종별 신용카드 관광소비 추이
2025,광역시도,울산광역시,,31,,외국인,숙박업,8094441,23952636,외래객 지역별 방한현황 > 관광소비 > 외국인 업종별 신용카드 관광소비 추이
2025,시군구,울산광역시,남구,31140,N,외국인,숙박업,4797606,14252647,외래객 지역별 방한현황 > 관광소비 > 외국인 업종별 신용카드 관광소비 추이
2025,시군구,울산광역시,동구,31170,N,외국인,숙박업,2304588,5233817,외래객 지역별 방한현황 > 관광소비 > 외국인 업종별 신용카드 관광소비 추이
2025,시군구,울산광역시,북구,31200,N,외국인,숙박업,162906,1157058,외래객 지역별 방한현황 > 관광소비 > 외국인 업종별 신용카드 관광소비 추이
2025,시군구,울산광역시,울주군,31710,N,외국인,숙박업,188257,1802654,외래객 지역별 방한현황 > 관광소비 > 외국인 업종별 신용카드 관광소비 추이
2025,시군구,울산광역시,중구,31110,N,외국인,숙박업,641083,1506459,외래객 지역별 방한현황 > 관광소비 > 외국인 업종별 신용카드 관광소비 추이
2025,광역시도,세종특별자치시,,36,,외국인,숙박업,1650711,6272884,외래객 지역별 방한현황 > 관광소비 > 외국인 업종별 신용카드 관광소비 추이
2025,광역시도,경기도,,41,,외국인,숙박업,139687178,981129214,외래객 지역별 방한현황 > 관광소비 > 외국인 업종별 신용카드 관광소비 추이
2025,시군구,경기도,가평군,41820,N,외국인,숙박업,398872,7800882,외래객 지역별 방한현황 > 관광소비 > 외국인 업종별 신용카드 관광소비 추이
2025,시군구,경기도,고양시,41280,Y,외국인,숙박업,2839730,72852095,외래객 지역별 방한현황 > 관광소비 > 외국인 업종별 신용카드 관광소비 추이
2025,시군구,경기도,고양시 덕양구,41281,N,외국인,숙박업,135946,39642860,외래객 지역별 방한현황 > 관광소비 > 외국인 업종별 신용카드 관광소비 추이
2025,시군구,경기도,고양시 일산동구,41285,N,외국인,숙박업,2486735,19417875,외래객 지역별 방한현황 > 관광소비 > 외국인 업종별 신용카드 관광소비 추이
2025,시군구,경기도,고양시 일산서구,41287,N,외국인,숙박업,217049,13791361,외래객 지역별 방한현황 > 관광소비 > 외국인 업종별 신용카드 관광소비 추이
2025,시군구,경기도,과천시,41290,N,외국인,숙박업,3494,3358307,외래객 지역별 방한현황 > 관광소비 > 외국인 업종별 신용카드 관광소비 추이
2025,시군구,경기도,광명시,41210,N,외국인,숙박업,500905,6096272,외래객 지역별 방한현황 > 관광소비 > 외국인 업종별 신용카드 관광소비 추이
2025,시군구,경기도,광주시,41610,N,외국인,숙박업,88878,5341046,외래객 지역별 방한현황 > 관광소비 > 외국인 업종별 신용카드 관광소비 추이
2025,시군구,경기도,구리시,41310,N,외국인,숙박업,174989,4658991,외래객 지역별 방한현황 > 관광소비 > 외국인 업종별 신용카드 관광소비 추이
2025,시군구,경기도,군포시,41410,N,외국인,숙박업,2104100,5281446,외래객 지역별 방한현황 > 관광소비 > 외국인 업종별 신용카드 관광소비 추이
2025,시군구,경기도,김포시,41570,N,외국인,숙박업,964208,40160812,외래객 지역별 방한현황 > 관광소비 > 외국인 업종별 신용카드 관광소비 추이
2025,시군구,경기도,남양주시,41360,N,외국인,숙박업,273550,20064536,외래객 지역별 방한현황 > 관광소비 > 외국인 업종별 신용카드 관광소비 추이
2025,시군구,경기도,동두천시,41250,N,외국인,숙박업,563420,30523252,외래객 지역별 방한현황 > 관광소비 > 외국인 업종별 신용카드 관광소비 추이
2025,시군구,경기도,부천시,41190,Y,외국인,숙박업,368393,48610796,외래객 지역별 방한현황 > 관광소비 > 외국인 업종별 신용카드 관광소비 추이
2025,시군구,경기도,부천시 소사구,41194,N,외국인,숙박업,18418,3181640,외래객 지역별 방한현황 > 관광소비 > 외국인 업종별 신용카드 관광소비 추이
2025,시군구,경기도,부천시 오정구,41196,N,외국인,숙박업,16512,886151,외래객 지역별 방한현황 > 관광소비 > 외국인 업종별 신용카드 관광소비 추이
2025,시군구,경기도,부천시 원미구,41192,N,외국인,숙박업,333463,44543005,외래객 지역별 방한현황 > 관광소비 > 외국인 업종별 신용카드 관광소비 추이
2025,시군구,경기도,성남시,41130,Y,외국인,숙박업,58955538,209094815,외래객 지역별 방한현황 > 관광소비 > 외국인 업종별 신용카드 관광소비 추이
2025,시군구,경기도,성남시 분당구,41135,N,외국인,숙박업,57535680,161096247,외래객 지역별 방한현황 > 관광소비 > 외국인 업종별 신용카드 관광소비 추이
2025,시군구,경기도,성남시 수정구,41131,N,외국인,숙박업,1245929,10543850,외래객 지역별 방한현황 > 관광소비 > 외국인 업종별 신용카드 관광소비 추이
2025,시군구,경기도,성남시 중원구,41133,N,외국인,숙박업,173929,37454718,외래객 지역별 방한현황 > 관광소비 > 외국인 업종별 신용카드 관광소비 추이
2025,시군구,경기도,수원시,41110,Y,외국인,숙박업,39310827,98494212,외래객 지역별 방한현황 > 관광소비 > 외국인 업종별 신용카드 관광소비 추이
2025,시군구,경기도,수원시 권선구,41113,N,외국인,숙박업,159387,11135835,외래객 지역별 방한현황 > 관광소비 > 외국인 업종별 신용카드 관광소비 추이
2025,시군구,경기도,수원시 영통구,41117,N,외국인,숙박업,18521546,39326796,외래객 지역별 방한현황 > 관광소비 > 외국인 업종별 신용카드 관광소비 추이
2025,시군구,경기도,수원시 장안구,41111,N,외국인,숙박업,27585,4504016,외래객 지역별 방한현황 > 관광소비 > 외국인 업종별 신용카드 관광소비 추이
2025,시군구,경기도,수원시 팔달구,41115,N,외국인,숙박업,20602309,43527566,외래객 지역별 방한현황 > 관광소비 > 외국인 업종별 신용카드 관광소비 추이
2025,시군구,경기도,시흥시,41390,N,외국인,숙박업,1164650,12726938,외래객 지역별 방한현황 > 관광소비 > 외국인 업종별 신용카드 관광소비 추이
2025,시군구,경기도,안산시,41270,Y,외국인,숙박업,930239,19465842,외래객 지역별 방한현황 > 관광소비 > 외국인 업종별 신용카드 관광소비 추이
2025,시군구,경기도,안산시 단원구,41273,N,외국인,숙박업,537142,10703888,외래객 지역별 방한현황 > 관광소비 > 외국인 업종별 신용카드 관광소비 추이
2025,시군구,경기도,안산시 상록구,41271,N,외국인,숙박업,393097,8761954,외래객 지역별 방한현황 > 관광소비 > 외국인 업종별 신용카드 관광소비 추이
2025,시군구,경기도,안성시,41550,N,외국인,숙박업,199225,16682296,외래객 지역별 방한현황 > 관광소비 > 외국인 업종별 신용카드 관광소비 추이
2025,시군구,경기도,안양시,41170,Y,외국인,숙박업,1549063,17844544,외래객 지역별 방한현황 > 관광소비 > 외국인 업종별 신용카드 관광소비 추이
2025,시군구,경기도,안양시 동안구,41173,N,외국인,숙박업,1286512,15041482,외래객 지역별 방한현황 > 관광소비 > 외국인 업종별 신용카드 관광소비 추이
2025,시군구,경기도,안양시 만안구,41171,N,외국인,숙박업,262552,2803062,외래객 지역별 방한현황 > 관광소비 > 외국인 업종별 신용카드 관광소비 추이
2025,시군구,경기도,양주시,41630,N,외국인,숙박업,52747,8128685,외래객 지역별 방한현황 > 관광소비 > 외국인 업종별 신용카드 관광소비 추이
2025,시군구,경기도,양평군,41830,N,외국인,숙박업,76186,2570772,외래객 지역별 방한현황 > 관광소비 > 외국인 업종별 신용카드 관광소비 추이
2025,시군구,경기도,여주시,41670,N,외국인,숙박업,85883,41721511,외래객 지역별 방한현황 > 관광소비 > 외국인 업종별 신용카드 관광소비 추이
2025,시군구,경기도,연천군,41800,N,외국인,숙박업,2774,453848,외래객 지역별 방한현황 > 관광소비 > 외국인 업종별 신용카드 관광소비 추이
2025,시군구,경기도,오산시,41370,N,외국인,숙박업,626665,4718646,외래객 지역별 방한현황 > 관광소비 > 외국인 업종별 신용카드 관광소비 추이
2025,시군구,경기도,용인시,41460,Y,외국인,숙박업,1340667,52389460,외래객 지역별 방한현황 > 관광소비 > 외국인 업종별 신용카드 관광소비 추이
2025,시군구,경기도,용인시 기흥구,41463,N,외국인,숙박업,185665,25751767,외래객 지역별 방한현황 > 관광소비 > 외국인 업종별 신용카드 관광소비 추이
2025,시군구,경기도,용인시 수지구,41465,N,외국인,숙박업,348885,11653146,외래객 지역별 방한현황 > 관광소비 > 외국인 업종별 신용카드 관광소비 추이
2025,시군구,경기도,용인시 처인구,41461,N,외국인,숙박업,806117,14984546,외래객 지역별 방한현황 > 관광소비 > 외국인 업종별 신용카드 관광소비 추이
2025,시군구,경기도,의왕시,41430,N,외국인,숙박업,1697947,12096293,외래객 지역별 방한현황 > 관광소비 > 외국인 업종별 신용카드 관광소비 추이
2025,시군구,경기도,의정부시,41150,N,외국인,숙박업,346746,11074895,외래객 지역별 방한현황 > 관광소비 > 외국인 업종별 신용카드 관광소비 추이
2025,시군구,경기도,이천시,41500,N,외국인,숙박업,1765288,6704503,외래객 지역별 방한현황 > 관광소비 > 외국인 업종별 신용카드 관광소비 추이
2025,시군구,경기도,파주시,41480,N,외국인,숙박업,1018767,38602805,외래객 지역별 방한현황 > 관광소비 > 외국인 업종별 신용카드 관광소비 추이
2025,시군구,경기도,평택시,41220,N,외국인,숙박업,10965110,132311701,외래객 지역별 방한현황 > 관광소비 > 외국인 업종별 신용카드 관광소비 추이
2025,시군구,경기도,포천시,41650,N,외국인,숙박업,55654,5020848,외래객 지역별 방한현황 > 관광소비 > 외국인 업종별 신용카드 관광소비 추이
2025,시군구,경기도,하남시,41450,N,외국인,숙박업,55231,11432671,외래객 지역별 방한현황 > 관광소비 > 외국인 업종별 신용카드 관광소비 추이
2025,시군구,경기도,화성시,41590,Y,외국인,숙박업,11207433,34845492,외래객 지역별 방한현황 > 관광소비 > 외국인 업종별 신용카드 관광소비 추이
2025,시군구,경기도,화성시 동탄구,41597,N,외국인,숙박업,,,외래객 지역별 방한현황 > 관광소비 > 외국인 업종별 신용카드 관광소비 추이
2025,시군구,경기도,화성시 만세구,41591,N,외국인,숙박업,,,외래객 지역별 방한현황 > 관광소비 > 외국인 업종별 신용카드 관광소비 추이
2025,시군구,경기도,화성시 병점구,41595,N,외국인,숙박업,,,외래객 지역별 방한현황 > 관광소비 > 외국인 업종별 신용카드 관광소비 추이
2025,시군구,경기도,화성시 효행구,41593,N,외국인,숙박업,,,외래객 지역별 방한현황 > 관광소비 > 외국인 업종별 신용카드 관광소비 추이
2025,광역시도,충청북도,,43,,외국인,숙박업,5709743,39876133,외래객 지역별 방한현황 > 관광소비 > 외국인 업종별 신용카드 관광소비 추이
2025,시군구,충청북도,괴산군,43760,N,외국인,숙박업,17315,402462,외래객 지역별 방한현황 > 관광소비 > 외국인 업종별 신용카드 관광소비 추이
2025,시군구,충청북도,단양군,43800,N,외국인,숙박업,47824,509600,외래객 지역별 방한현황 > 관광소비 > 외국인 업종별 신용카드 관광소비 추이
2025,시군구,충청북도,보은군,43720,N,외국인,숙박업,24340,265912,외래객 지역별 방한현황 > 관광소비 > 외국인 업종별 신용카드 관광소비 추이
2025,시군구,충청북도,영동군,43740,N,외국인,숙박업,35287,226355,외래객 지역별 방한현황 > 관광소비 > 외국인 업종별 신용카드 관광소비 추이
2025,시군구,충청북도,옥천군,43730,N,외국인,숙박업,5482,239890,외래객 지역별 방한현황 > 관광소비 > 외국인 업종별 신용카드 관광소비 추이
2025,시군구,충청북도,음성군,43770,N,외국인,숙박업,346596,1815738,외래객 지역별 방한현황 > 관광소비 > 외국인 업종별 신용카드 관광소비 추이
2025,시군구,충청북도,제천시,43150,N,외국인,숙박업,181788,2019020,외래객 지역별 방한현황 > 관광소비 > 외국인 업종별 신용카드 관광소비 추이
2025,시군구,충청북도,증평군,43745,N,외국인,숙박업,60885,367076,외래객 지역별 방한현황 > 관광소비 > 외국인 업종별 신용카드 관광소비 추이
2025,시군구,충청북도,진천군,43750,N,외국인,숙박업,228287,2789982,외래객 지역별 방한현황 > 관광소비 > 외국인 업종별 신용카드 관광소비 추이
2025,시군구,충청북도,청주시,43110,Y,외국인,숙박업,3498305,25831302,외래객 지역별 방한현황 > 관광소비 > 외국인 업종별 신용카드 관광소비 추이
2025,시군구,충청북도,청주시 상당구,43111,N,외국인,숙박업,56471,2934650,외래객 지역별 방한현황 > 관광소비 > 외국인 업종별 신용카드 관광소비 추이
2025,시군구,충청북도,청주시 서원구,43112,N,외국인,숙박업,3067,1579561,외래객 지역별 방한현황 > 관광소비 > 외국인 업종별 신용카드 관광소비 추이
2025,시군구,충청북도,청주시 청원구,43114,N,외국인,숙박업,2710881,11412239,외래객 지역별 방한현황 > 관광소비 > 외국인 업종별 신용카드 관광소비 추이
2025,시군구,충청북도,청주시 흥덕구,43113,N,외국인,숙박업,727886,9904852,외래객 지역별 방한현황 > 관광소비 > 외국인 업종별 신용카드 관광소비 추이
2025,시군구,충청북도,충주시,43130,N,외국인,숙박업,1263634,5408794,외래객 지역별 방한현황 > 관광소비 > 외국인 업종별 신용카드 관광소비 추이
2025,광역시도,충청남도,,44,,외국인,숙박업,8018822,49616730,외래객 지역별 방한현황 > 관광소비 > 외국인 업종별 신용카드 관광소비 추이
2025,시군구,충청남도,계룡시,44250,N,외국인,숙박업,19717,135810,외래객 지역별 방한현황 > 관광소비 > 외국인 업종별 신용카드 관광소비 추이
2025,시군구,충청남도,공주시,44150,N,외국인,숙박업,67605,1435976,외래객 지역별 방한현황 > 관광소비 > 외국인 업종별 신용카드 관광소비 추이
2025,시군구,충청남도,금산군,44710,N,외국인,숙박업,18686,1458977,외래객 지역별 방한현황 > 관광소비 > 외국인 업종별 신용카드 관광소비 추이
2025,시군구,충청남도,논산시,44230,N,외국인,숙박업,68443,1512356,외래객 지역별 방한현황 > 관광소비 > 외국인 업종별 신용카드 관광소비 추이
2025,시군구,충청남도,당진시,44270,N,외국인,숙박업,725743,2279372,외래객 지역별 방한현황 > 관광소비 > 외국인 업종별 신용카드 관광소비 추이
2025,시군구,충청남도,보령시,44180,N,외국인,숙박업,510064,1375741,외래객 지역별 방한현황 > 관광소비 > 외국인 업종별 신용카드 관광소비 추이
2025,시군구,충청남도,부여군,44760,N,외국인,숙박업,75129,1068094,외래객 지역별 방한현황 > 관광소비 > 외국인 업종별 신용카드 관광소비 추이
2025,시군구,충청남도,서산시,44210,N,외국인,숙박업,820734,2435501,외래객 지역별 방한현황 > 관광소비 > 외국인 업종별 신용카드 관광소비 추이
2025,시군구,충청남도,서천군,44770,N,외국인,숙박업,10124,192940,외래객 지역별 방한현황 > 관광소비 > 외국인 업종별 신용카드 관광소비 추이
2025,시군구,충청남도,아산시,44200,N,외국인,숙박업,1201144,12814693,외래객 지역별 방한현황 > 관광소비 > 외국인 업종별 신용카드 관광소비 추이
2025,시군구,충청남도,예산군,44810,N,외국인,숙박업,46857,640250,외래객 지역별 방한현황 > 관광소비 > 외국인 업종별 신용카드 관광소비 추이
2025,시군구,충청남도,천안시,44130,Y,외국인,숙박업,3941674,22463097,외래객 지역별 방한현황 > 관광소비 > 외국인 업종별 신용카드 관광소비 추이
2025,시군구,충청남도,천안시 동남구,44131,N,외국인,숙박업,306676,7887361,외래객 지역별 방한현황 > 관광소비 > 외국인 업종별 신용카드 관광소비 추이
2025,시군구,충청남도,천안시 서북구,44133,N,외국인,숙박업,3634998,14575736,외래객 지역별 방한현황 > 관광소비 > 외국인 업종별 신용카드 관광소비 추이
2025,시군구,충청남도,청양군,44790,N,외국인,숙박업,1488,78959,외래객 지역별 방한현황 > 관광소비 > 외국인 업종별 신용카드 관광소비 추이
2025,시군구,충청남도,태안군,44825,N,외국인,숙박업,448570,1097027,외래객 지역별 방한현황 > 관광소비 > 외국인 업종별 신용카드 관광소비 추이
2025,시군구,충청남도,홍성군,44800,N,외국인,숙박업,62845,627938,외래객 지역별 방한현황 > 관광소비 > 외국인 업종별 신용카드 관광소비 추이
2025,광역시도,전라남도,,46,,외국인,숙박업,4832800,25071494,외래객 지역별 방한현황 > 관광소비 > 외국인 업종별 신용카드 관광소비 추이
2025,시군구,전라남도,강진군,46810,N,외국인,숙박업,12475,168242,외래객 지역별 방한현황 > 관광소비 > 외국인 업종별 신용카드 관광소비 추이
2025,시군구,전라남도,고흥군,46770,N,외국인,숙박업,25915,184715,외래객 지역별 방한현황 > 관광소비 > 외국인 업종별 신용카드 관광소비 추이
2025,시군구,전라남도,곡성군,46720,N,외국인,숙박업,286,129521,외래객 지역별 방한현황 > 관광소비 > 외국인 업종별 신용카드 관광소비 추이
2025,시군구,전라남도,광양시,46230,N,외국인,숙박업,900853,2383509,외래객 지역별 방한현황 > 관광소비 > 외국인 업종별 신용카드 관광소비 추이
2025,시군구,전라남도,구례군,46730,N,외국인,숙박업,64665,244509,외래객 지역별 방한현황 > 관광소비 > 외국인 업종별 신용카드 관광소비 추이
2025,시군구,전라남도,나주시,46170,N,외국인,숙박업,33037,1440941,외래객 지역별 방한현황 > 관광소비 > 외국인 업종별 신용카드 관광소비 추이
2025,시군구,전라남도,담양군,46710,N,외국인,숙박업,14744,432575,외래객 지역별 방한현황 > 관광소비 > 외국인 업종별 신용카드 관광소비 추이
2025,시군구,전라남도,목포시,46110,N,외국인,숙박업,561828,3886724,외래객 지역별 방한현황 > 관광소비 > 외국인 업종별 신용카드 관광소비 추이
2025,시군구,전라남도,무안군,46840,N,외국인,숙박업,19640,1461983,외래객 지역별 방한현황 > 관광소비 > 외국인 업종별 신용카드 관광소비 추이
2025,시군구,전라남도,보성군,46780,N,외국인,숙박업,26000,292724,외래객 지역별 방한현황 > 관광소비 > 외국인 업종별 신용카드 관광소비 추이
2025,시군구,전라남도,순천시,46150,N,외국인,숙박업,346024,2902511,외래객 지역별 방한현황 > 관광소비 > 외국인 업종별 신용카드 관광소비 추이
2025,시군구,전라남도,신안군,46910,N,외국인,숙박업,106531,229810,외래객 지역별 방한현황 > 관광소비 > 외국인 업종별 신용카드 관광소비 추이
2025,시군구,전라남도,여수시,46130,N,외국인,숙박업,1934831,7156217,외래객 지역별 방한현황 > 관광소비 > 외국인 업종별 신용카드 관광소비 추이
2025,시군구,전라남도,영광군,46870,N,외국인,숙박업,323231,1734369,외래객 지역별 방한현황 > 관광소비 > 외국인 업종별 신용카드 관광소비 추이
2025,시군구,전라남도,영암군,46830,N,외국인,숙박업,238080,679288,외래객 지역별 방한현황 > 관광소비 > 외국인 업종별 신용카드 관광소비 추이
2025,시군구,전라남도,완도군,46890,N,외국인,숙박업,102320,312382,외래객 지역별 방한현황 > 관광소비 > 외국인 업종별 신용카드 관광소비 추이
2025,시군구,전라남도,장성군,46880,N,외국인,숙박업,767,178687,외래객 지역별 방한현황 > 관광소비 > 외국인 업종별 신용카드 관광소비 추이
2025,시군구,전라남도,장흥군,46800,N,외국인,숙박업,3890,172026,외래객 지역별 방한현황 > 관광소비 > 외국인 업종별 신용카드 관광소비 추이
2025,시군구,전라남도,진도군,46900,N,외국인,숙박업,89085,212701,외래객 지역별 방한현황 > 관광소비 > 외국인 업종별 신용카드 관광소비 추이
2025,시군구,전라남도,함평군,46860,N,외국인,숙박업,367,135844,외래객 지역별 방한현황 > 관광소비 > 외국인 업종별 신용카드 관광소비 추이
2025,시군구,전라남도,해남군,46820,N,외국인,숙박업,24900,317037,외래객 지역별 방한현황 > 관광소비 > 외국인 업종별 신용카드 관광소비 추이
2025,시군구,전라남도,화순군,46790,N,외국인,숙박업,3333,415180,외래객 지역별 방한현황 > 관광소비 > 외국인 업종별 신용카드 관광소비 추이
2025,광역시도,경상북도,,47,,외국인,숙박업,14148795,82053336,외래객 지역별 방한현황 > 관광소비 > 외국인 업종별 신용카드 관광소비 추이
2025,시군구,경상북도,경산시,47290,N,외국인,숙박업,97009,13300684,외래객 지역별 방한현황 > 관광소비 > 외국인 업종별 신용카드 관광소비 추이
2025,시군구,경상북도,경주시,47130,N,외국인,숙박업,8368629,26864315,외래객 지역별 방한현황 > 관광소비 > 외국인 업종별 신용카드 관광소비 추이
2025,시군구,경상북도,고령군,47830,N,외국인,숙박업,818,118138,외래객 지역별 방한현황 > 관광소비 > 외국인 업종별 신용카드 관광소비 추이
2025,시군구,경상북도,구미시,47190,N,외국인,숙박업,1536986,11912567,외래객 지역별 방한현황 > 관광소비 > 외국인 업종별 신용카드 관광소비 추이
2025,시군구,경상북도,김천시,47150,N,외국인,숙박업,434970,1510301,외래객 지역별 방한현황 > 관광소비 > 외국인 업종별 신용카드 관광소비 추이
2025,시군구,경상북도,문경시,47280,N,외국인,숙박업,486782,1110577,외래객 지역별 방한현황 > 관광소비 > 외국인 업종별 신용카드 관광소비 추이
2025,시군구,경상북도,봉화군,47920,N,외국인,숙박업,350,68530,외래객 지역별 방한현황 > 관광소비 > 외국인 업종별 신용카드 관광소비 추이
2025,시군구,경상북도,상주시,47250,N,외국인,숙박업,18776,577153,외래객 지역별 방한현황 > 관광소비 > 외국인 업종별 신용카드 관광소비 추이
2025,시군구,경상북도,성주군,47840,N,외국인,숙박업,23369,236509,외래객 지역별 방한현황 > 관광소비 > 외국인 업종별 신용카드 관광소비 추이
2025,시군구,경상북도,안동시,47170,N,외국인,숙박업,780306,2968436,외래객 지역별 방한현황 > 관광소비 > 외국인 업종별 신용카드 관광소비 추이
2025,시군구,경상북도,영덕군,47770,N,외국인,숙박업,16993,558192,외래객 지역별 방한현황 > 관광소비 > 외국인 업종별 신용카드 관광소비 추이
2025,시군구,경상북도,영양군,47760,N,외국인,숙박업,45,48347,외래객 지역별 방한현황 > 관광소비 > 외국인 업종별 신용카드 관광소비 추이
2025,시군구,경상북도,영주시,47210,N,외국인,숙박업,70774,576927,외래객 지역별 방한현황 > 관광소비 > 외국인 업종별 신용카드 관광소비 추이
2025,시군구,경상북도,영천시,47230,N,외국인,숙박업,47086,990764,외래객 지역별 방한현황 > 관광소비 > 외국인 업종별 신용카드 관광소비 추이
2025,시군구,경상북도,예천군,47900,N,외국인,숙박업,13817,213106,외래객 지역별 방한현황 > 관광소비 > 외국인 업종별 신용카드 관광소비 추이
2025,시군구,경상북도,울릉군,47940,N,외국인,숙박업,43511,178586,외래객 지역별 방한현황 > 관광소비 > 외국인 업종별 신용카드 관광소비 추이
2025,시군구,경상북도,울진군,47930,N,외국인,숙박업,214767,733086,외래객 지역별 방한현황 > 관광소비 > 외국인 업종별 신용카드 관광소비 추이
2025,시군구,경상북도,의성군,47730,N,외국인,숙박업,15369,333980,외래객 지역별 방한현황 > 관광소비 > 외국인 업종별 신용카드 관광소비 추이
2025,시군구,경상북도,청도군,47820,N,외국인,숙박업,2107,221306,외래객 지역별 방한현황 > 관광소비 > 외국인 업종별 신용카드 관광소비 추이
2025,시군구,경상북도,청송군,47750,N,외국인,숙박업,34508,159271,외래객 지역별 방한현황 > 관광소비 > 외국인 업종별 신용카드 관광소비 추이
2025,시군구,경상북도,칠곡군,47850,N,외국인,숙박업,68158,6265623,외래객 지역별 방한현황 > 관광소비 > 외국인 업종별 신용카드 관광소비 추이
2025,시군구,경상북도,포항시,47110,Y,외국인,숙박업,1873662,13106939,외래객 지역별 방한현황 > 관광소비 > 외국인 업종별 신용카드 관광소비 추이
2025,시군구,경상북도,포항시 남구,47111,N,외국인,숙박업,658724,6778701,외래객 지역별 방한현황 > 관광소비 > 외국인 업종별 신용카드 관광소비 추이
2025,시군구,경상북도,포항시 북구,47113,N,외국인,숙박업,1214939,6328237,외래객 지역별 방한현황 > 관광소비 > 외국인 업종별 신용카드 관광소비 추이
2025,광역시도,경상남도,,48,,외국인,숙박업,17750772,76304794,외래객 지역별 방한현황 > 관광소비 > 외국인 업종별 신용카드 관광소비 추이
2025,시군구,경상남도,거제시,48310,N,외국인,숙박업,4189410,15713335,외래객 지역별 방한현황 > 관광소비 > 외국인 업종별 신용카드 관광소비 추이
2025,시군구,경상남도,거창군,48880,N,외국인,숙박업,9873,257205,외래객 지역별 방한현황 > 관광소비 > 외국인 업종별 신용카드 관광소비 추이
2025,시군구,경상남도,고성군,48820,N,외국인,숙박업,6595,259096,외래객 지역별 방한현황 > 관광소비 > 외국인 업종별 신용카드 관광소비 추이
2025,시군구,경상남도,김해시,48250,N,외국인,숙박업,863908,12330936,외래객 지역별 방한현황 > 관광소비 > 외국인 업종별 신용카드 관광소비 추이
2025,시군구,경상남도,남해군,48840,N,외국인,숙박업,197940,1229923,외래객 지역별 방한현황 > 관광소비 > 외국인 업종별 신용카드 관광소비 추이
2025,시군구,경상남도,밀양시,48270,N,외국인,숙박업,274366,687861,외래객 지역별 방한현황 > 관광소비 > 외국인 업종별 신용카드 관광소비 추이
2025,시군구,경상남도,사천시,48240,N,외국인,숙박업,602641,1751917,외래객 지역별 방한현황 > 관광소비 > 외국인 업종별 신용카드 관광소비 추이
2025,시군구,경상남도,산청군,48860,N,외국인,숙박업,1210,200108,외래객 지역별 방한현황 > 관광소비 > 외국인 업종별 신용카드 관광소비 추이
2025,시군구,경상남도,양산시,48330,N,외국인,숙박업,632002,4530713,외래객 지역별 방한현황 > 관광소비 > 외국인 업종별 신용카드 관광소비 추이
2025,시군구,경상남도,의령군,48720,N,외국인,숙박업,7204,50781,외래객 지역별 방한현황 > 관광소비 > 외국인 업종별 신용카드 관광소비 추이
2025,시군구,경상남도,진주시,48170,N,외국인,숙박업,1205678,4889828,외래객 지역별 방한현황 > 관광소비 > 외국인 업종별 신용카드 관광소비 추이
2025,시군구,경상남도,창녕군,48740,N,외국인,숙박업,250735,584588,외래객 지역별 방한현황 > 관광소비 > 외국인 업종별 신용카드 관광소비 추이
2025,시군구,경상남도,창원시,48120,Y,외국인,숙박업,9076600,30829416,외래객 지역별 방한현황 > 관광소비 > 외국인 업종별 신용카드 관광소비 추이
2025,시군구,경상남도,창원시 마산합포구,48125,N,외국인,숙박업,84263,2786747,외래객 지역별 방한현황 > 관광소비 > 외국인 업종별 신용카드 관광소비 추이
2025,시군구,경상남도,창원시 마산회원구,48127,N,외국인,숙박업,112282,1292898,외래객 지역별 방한현황 > 관광소비 > 외국인 업종별 신용카드 관광소비 추이
2025,시군구,경상남도,창원시 성산구,48123,N,외국인,숙박업,8005292,20673245,외래객 지역별 방한현황 > 관광소비 > 외국인 업종별 신용카드 관광소비 추이
2025,시군구,경상남도,창원시 의창구,48121,N,외국인,숙박업,324866,1757785,외래객 지역별 방한현황 > 관광소비 > 외국인 업종별 신용카드 관광소비 추이
2025,시군구,경상남도,창원시 진해구,48129,N,외국인,숙박업,549898,4318741,외래객 지역별 방한현황 > 관광소비 > 외국인 업종별 신용카드 관광소비 추이
2025,시군구,경상남도,통영시,48220,N,외국인,숙박업,227402,1774046,외래객 지역별 방한현황 > 관광소비 > 외국인 업종별 신용카드 관광소비 추이
2025,시군구,경상남도,하동군,48850,N,외국인,숙박업,27020,334657,외래객 지역별 방한현황 > 관광소비 > 외국인 업종별 신용카드 관광소비 추이
2025,시군구,경상남도,함안군,48730,N,외국인,숙박업,149074,471168,외래객 지역별 방한현황 > 관광소비 > 외국인 업종별 신용카드 관광소비 추이
2025,시군구,경상남도,함양군,48870,N,외국인,숙박업,12094,156736,외래객 지역별 방한현황 > 관광소비 > 외국인 업종별 신용카드 관광소비 추이
2025,시군구,경상남도,합천군,48890,N,외국인,숙박업,17022,252482,외래객 지역별 방한현황 > 관광소비 > 외국인 업종별 신용카드 관광소비 추이
2025,광역시도,제주특별자치도,,50,,외국인,숙박업,56244633,450333175,외래객 지역별 방한현황 > 관광소비 > 외국인 업종별 신용카드 관광소비 추이
2025,시군구,제주특별자치도,서귀포시,50130,N,외국인,숙박업,44785970,143471320,외래객 지역별 방한현황 > 관광소비 > 외국인 업종별 신용카드 관광소비 추이
2025,시군구,제주특별자치도,제주시,50110,N,외국인,숙박업,11458663,306861855,외래객 지역별 방한현황 > 관광소비 > 외국인 업종별 신용카드 관광소비 추이
2025,광역시도,강원특별자치도,,51,,외국인,숙박업,18054922,67299240,외래객 지역별 방한현황 > 관광소비 > 외국인 업종별 신용카드 관광소비 추이
2025,시군구,강원특별자치도,강릉시,51150,N,외국인,숙박업,2960310,10670136,외래객 지역별 방한현황 > 관광소비 > 외국인 업종별 신용카드 관광소비 추이
2025,시군구,강원특별자치도,고성군,51820,N,외국인,숙박업,665218,1213655,외래객 지역별 방한현황 > 관광소비 > 외국인 업종별 신용카드 관광소비 추이
2025,시군구,강원특별자치도,동해시,51170,N,외국인,숙박업,94119,1579650,외래객 지역별 방한현황 > 관광소비 > 외국인 업종별 신용카드 관광소비 추이
2025,시군구,강원특별자치도,삼척시,51230,N,외국인,숙박업,139634,980032,외래객 지역별 방한현황 > 관광소비 > 외국인 업종별 신용카드 관광소비 추이
2025,시군구,강원특별자치도,속초시,51210,N,외국인,숙박업,2665492,9367754,외래객 지역별 방한현황 > 관광소비 > 외국인 업종별 신용카드 관광소비 추이
2025,시군구,강원특별자치도,양구군,51800,N,외국인,숙박업,22777,100467,외래객 지역별 방한현황 > 관광소비 > 외국인 업종별 신용카드 관광소비 추이
2025,시군구,강원특별자치도,양양군,51830,N,외국인,숙박업,2145793,3468522,외래객 지역별 방한현황 > 관광소비 > 외국인 업종별 신용카드 관광소비 추이
2025,시군구,강원특별자치도,영월군,51750,N,외국인,숙박업,125471,327759,외래객 지역별 방한현황 > 관광소비 > 외국인 업종별 신용카드 관광소비 추이
2025,시군구,강원특별자치도,원주시,51130,N,외국인,숙박업,407573,6489003,외래객 지역별 방한현황 > 관광소비 > 외국인 업종별 신용카드 관광소비 추이
2025,시군구,강원특별자치도,인제군,51810,N,외국인,숙박업,15812,547751,외래객 지역별 방한현황 > 관광소비 > 외국인 업종별 신용카드 관광소비 추이
2025,시군구,강원특별자치도,정선군,51770,N,외국인,숙박업,1489902,2083687,외래객 지역별 방한현황 > 관광소비 > 외국인 업종별 신용카드 관광소비 추이
2025,시군구,강원특별자치도,철원군,51780,N,외국인,숙박업,42666,280531,외래객 지역별 방한현황 > 관광소비 > 외국인 업종별 신용카드 관광소비 추이
2025,시군구,강원특별자치도,춘천시,51110,N,외국인,숙박업,377744,12782078,외래객 지역별 방한현황 > 관광소비 > 외국인 업종별 신용카드 관광소비 추이
2025,시군구,강원특별자치도,태백시,51190,N,외국인,숙박업,12216,349434,외래객 지역별 방한현황 > 관광소비 > 외국인 업종별 신용카드 관광소비 추이
2025,시군구,강원특별자치도,평창군,51760,N,외국인,숙박업,6119560,10675862,외래객 지역별 방한현황 > 관광소비 > 외국인 업종별 신용카드 관광소비 추이
2025,시군구,강원특별자치도,홍천군,51720,N,외국인,숙박업,562704,5265818,외래객 지역별 방한현황 > 관광소비 > 외국인 업종별 신용카드 관광소비 추이
2025,시군구,강원특별자치도,화천군,51790,N,외국인,숙박업,2755,78508,외래객 지역별 방한현황 > 관광소비 > 외국인 업종별 신용카드 관광소비 추이
2025,시군구,강원특별자치도,횡성군,51730,N,외국인,숙박업,205175,1038591,외래객 지역별 방한현황 > 관광소비 > 외국인 업종별 신용카드 관광소비 추이
2025,광역시도,전북특별자치도,,52,,외국인,숙박업,4452822,41166799,외래객 지역별 방한현황 > 관광소비 > 외국인 업종별 신용카드 관광소비 추이
2025,시군구,전북특별자치도,고창군,52790,N,외국인,숙박업,29964,470328,외래객 지역별 방한현황 > 관광소비 > 외국인 업종별 신용카드 관광소비 추이
2025,시군구,전북특별자치도,군산시,52130,N,외국인,숙박업,2218260,16629983,외래객 지역별 방한현황 > 관광소비 > 외국인 업종별 신용카드 관광소비 추이
2025,시군구,전북특별자치도,김제시,52210,N,외국인,숙박업,14290,286115,외래객 지역별 방한현황 > 관광소비 > 외국인 업종별 신용카드 관광소비 추이
2025,시군구,전북특별자치도,남원시,52190,N,외국인,숙박업,93293,549798,외래객 지역별 방한현황 > 관광소비 > 외국인 업종별 신용카드 관광소비 추이
2025,시군구,전북특별자치도,무주군,52730,N,외국인,숙박업,11442,400720,외래객 지역별 방한현황 > 관광소비 > 외국인 업종별 신용카드 관광소비 추이
2025,시군구,전북특별자치도,부안군,52800,N,외국인,숙박업,46196,369105,외래객 지역별 방한현황 > 관광소비 > 외국인 업종별 신용카드 관광소비 추이
2025,시군구,전북특별자치도,순창군,52770,N,외국인,숙박업,2930,87084,외래객 지역별 방한현황 > 관광소비 > 외국인 업종별 신용카드 관광소비 추이
2025,시군구,전북특별자치도,완주군,52710,N,외국인,숙박업,326458,2040412,외래객 지역별 방한현황 > 관광소비 > 외국인 업종별 신용카드 관광소비 추이
2025,시군구,전북특별자치도,익산시,52140,N,외국인,숙박업,429190,3122099,외래객 지역별 방한현황 > 관광소비 > 외국인 업종별 신용카드 관광소비 추이
2025,시군구,전북특별자치도,임실군,52750,N,외국인,숙박업,175,77113,외래객 지역별 방한현황 > 관광소비 > 외국인 업종별 신용카드 관광소비 추이
2025,시군구,전북특별자치도,장수군,52740,N,외국인,숙박업,2272,35388,외래객 지역별 방한현황 > 관광소비 > 외국인 업종별 신용카드 관광소비 추이
2025,시군구,전북특별자치도,전주시,52110,Y,외국인,숙박업,1251083,16443352,외래객 지역별 방한현황 > 관광소비 > 외국인 업종별 신용카드 관광소비 추이
2025,시군구,전북특별자치도,전주시 덕진구,52113,N,외국인,숙박업,121649,4296761,외래객 지역별 방한현황 > 관광소비 > 외국인 업종별 신용카드 관광소비 추이
2025,시군구,전북특별자치도,전주시 완산구,52111,N,외국인,숙박업,1129434,12146590,외래객 지역별 방한현황 > 관광소비 > 외국인 업종별 신용카드 관광소비 추이
2025,시군구,전북특별자치도,정읍시,52180,N,외국인,숙박업,27048,534336,외래객 지역별 방한현황 > 관광소비 > 외국인 업종별 신용카드 관광소비 추이
2025,시군구,전북특별자치도,진안군,52720,N,외국인,숙박업,221,120966,외래객 지역별 방한현황 > 관광소비 > 외국인 업종별 신용카드 관광소비 추이
